<?xml version="1.0" encoding="utf-8"?>
	<TileMap version="1.0.0" tilemapservice="http://tms.osgeo.org/1.0.0">
	  <Title>temp.vrt</Title>
	  <Abstract></Abstract>
	  <SRS>EPSG:900913</SRS>
	  <BoundingBox minx="-85.05112878000000" miny="-180.00000000000000" maxx="83.64310000000003" maxy="179.95295325327942"/>
	  <Origin x="-85.05112878000000" y="-180.00000000000000"/>
	  <TileFormat width="256" height="256" mime-type="image/png" extension="png"/>
	  <TileSets profile="mercator">
	    <TileSet href="0" units-per-pixel="156543.03390000000945" order="0"/>
	    <TileSet href="1" units-per-pixel="78271.51695000000473" order="1"/>
	    <TileSet href="2" units-per-pixel="39135.75847500000236" order="2"/>
	    <TileSet href="3" units-per-pixel="19567.87923750000118" order="3"/>
	    <TileSet href="4" units-per-pixel="9783.93961875000059" order="4"/>
	  </TileSets>
	</TileMap>
	